ImageNumber,ObjectNumber,Metadata_Animal,Metadata_Treatment,Metadata_Well,AreaShape_Area,Intensity_MeanIntensity_DNA,Location_Center_X,Location_Center_Y
1,1,A1,Vehicle,B02,288,0.117,366,279.3
1,2,A1,Vehicle,B02,282,0.126,870.8,419.3
1,3,A1,Vehicle,B02,286,0.121,172.7,158.3
2,1,A1,Vehicle,B02,279,0.099,504.5,973
2,2,A1,Vehicle,B02,288,0.118,225.3,436
2,3,A1,Vehicle,B02,312,0.121,307.9,535.8
3,1,A2,Vehicle,B03,311,0.115,111.1,589.2
3,2,A2,Vehicle,B03,266,0.115,399.6,699.7
3,3,A2,Vehicle,B03,275,0.099,400.4,418.2
4,1,A2,Vehicle,B03,317,0.102,22.8,251.9
4,2,A2,Vehicle,B03,268,0.113,5.5,286.3
4,3,A2,Vehicle,B03,277,0.101,218,803.3
5,1,A3,Drug,C02,369,0.107,848.1,613.3
5,2,A3,Drug,C02,382,0.081,554.1,448.7
5,3,A3,Drug,C02,371,0.113,291.8,488
6,1,A3,Drug,C02,397,0.09,519.2,906.3
6,2,A3,Drug,C02,377,0.081,639.8,648.9
6,3,A3,Drug,C02,364,0.12,685.6,282.7
7,1,A4,Drug,C03,388,0.13,492.8,190.3
7,2,A4,Drug,C03,374,0.114,862.4,572.2
7,3,A4,Drug,C03,382,0.084,934.2,87.5
8,1,A4,Drug,C03,355,0.103,804.3,309.8
8,2,A4,Drug,C03,392,0.092,804.7,409
8,3,A4,Drug,C03,366,0.08,322.5,708.4
