Well,Fluor,Target,Content,Sample,Cq
A01,SYBR,GAPDH,Unkn,Ctrl_1,18.39
A02,SYBR,GAPDH,Unkn,Ctrl_1,18.30
A03,SYBR,GAPDH,Unkn,Ctrl_2,18.24
A04,SYBR,GAPDH,Unkn,Ctrl_2,18.38
A05,SYBR,GAPDH,Unkn,Treated_1,18.37
A06,SYBR,GAPDH,Unkn,Treated_1,18.43
A07,SYBR,GAPDH,Unkn,Treated_2,18.33
A08,SYBR,GAPDH,Unkn,Treated_2,18.21
A09,SYBR,IL6,Unkn,Ctrl_1,27.80
A10,SYBR,IL6,Unkn,Ctrl_1,27.74
A11,SYBR,IL6,Unkn,Ctrl_2,27.94
A12,SYBR,IL6,Unkn,Ctrl_2,27.77
B01,SYBR,IL6,Unkn,Treated_1,25.46
B02,SYBR,IL6,Unkn,Treated_1,25.60
B03,SYBR,IL6,Unkn,Treated_2,25.98
B04,SYBR,IL6,Unkn,Treated_2,25.82
B05,SYBR,IL6,NTC,NTC,Undetermined
